1	Surviving the Night
2	A New Start
3	Get Outside
4	Fix Your Sleep
5	What Replaces Porn?
6	Isolation
7	One Week In
8	More Than a Streak
9	After a Relapse
10	The All-or-Nothing Trap
11	Progress Isn’t Linear
12	Identity
13	Values, Not Shame
14	Keep Going
15	The Life of an Urge
16	What’s the Urge Really For?
17	Move First
18	Redirection
19	HALT
20	Urge Surfing
21	Masturbation
22	The Reward System
23	The Control Center
24	Hungry and Tired
25	Angry and Lonely
26	The Pull of Novelty
27	Change Your State
28	Autopilot
29	The Scale
30	The “Benefits” of Porn
31	The Hidden Reward
32	The Short-Term Cost
33	The Long-Term Cost
34	Tipping the Scale
35	Repairing the Scale
36	What is Willpower?
37	Train Your Response
38	What Discipline Isn’t
39	What Discipline Is
40	Thoughts and Feelings
41	Choose Your Action
42	Damage Control
43	Relapse Isn’t the End
44	Learn From the Relapse
45	Don’t Punish Yourself
46	Rough Days
47	When Life Gets Hard
48	Face What You’re Avoiding
49	Don’t Wait for Tomorrow
50	Boredom
51	Escaping Boredom
52	Learn to Be Bored
53	Screen Boundaries
54	Dopamine Detox
55	Wake Up With Purpose
56	Meaning
57	Why Relationships Matter
58	Loneliness
59	Solitude
60	What Porn Replaces
61	Friendship
62	Unhealthy Relationships
63	Healthy Relationships
64	Trauma
65	Your Environment
66	Self-Criticism
67	Self-Loathing
68	Self-Compassion
69	Self-Trust
70	Self-Improvement
71	Know Yourself
72	Amor Fati
73	Memento Mori
74	Carpe Diem
75	The Next 90 Days
76	Peace of Mind
77	This Time Next Year
78	What Forever Means
79	Twelve Weeks Ago
80	What Changed in Your Brain
81	Winning the Battle
82	Lessons From Addiction Recovery
83	Saying Goodbye
84	The Future
